{
    "0x6b175474e89094c44da98b954eedeac495271d0f": 1,
    "0xf32cfbaf4000e6820a95b3a3fcdbf27fb4efc9af": 0.00049863,
    "0xf951e335afb289353dc249e82926178eac7ded78": 1670.27,
    "0x6bea7cfef803d1e3d5f7c0103f7ded065644e197": 0.1135,
    "0x7721a4cb6190edb11d47f51c20968436eccdafb8": 0.124054,
    "0x77e06c9eccf2e797fd462a92b6d7642ef85b0a44": 54.32,
    "0xa62894d5196bc44e4c3978400ad07e7b30352372": 0.00000301,
    "0xb2cabf797bc907b049e4ccb5b84d13be3a8cfc21": 0.00016838,
    "0x7fc09a4f6182e835a97c42980f7235e8c0cbfa56": 3.287e-9,
    "0x8a854288a5976036a725879164ca3e91d30c6a1b": 0.819597,
    "0x72e4f9f808c49a2a61de9c5896298920dc4eeea9": 0.065324,
    "0xb9ef770b6a5e12e45983c5d80545258aa38f3b78": 0.097642,
    "0xeeeeeeeeeeeeeeeeeeeeeeeeeeeeeeeeeeeeeeee": 1667.21,
    "0xdac17f958d2ee523a2206206994597c13d831ec7": 1,
    "0x6f80310ca7f2c654691d1383149fa1a57d8ab1f8": 0.02251238,
    "0x476c5e26a75bd202a9683ffd34359c0cc15be0ff": 0.0361707,
    "0x03ab458634910aad20ef5f1c8ee96f1d6ac54919": 2.73,
    "0x80f0c1c49891dcfdd40b6e0f960f84e6042bcb6f": 2.32,
    "0xe95a203b1a91a908f9b9ce46459d101078c2c3cb": 1880.5,
    "0x00282fd551d03dc033256c4bf119532e8c735d8a": 1.36256e-7,
    "0xebb82c932759b515b2efc1cfbb6bf2f6dbace404": 4.19,
    "0x0f71b8de197a1c84d31de0f1fa7926c365f052b3": 0.04178524,
    "0x070e984fda37dd942f5c953f6b2375339adac308": 2.52,
    "0xf49311af05a4ffb1dbf33d61e9b2d4f0a7d4a71c": 0.04030765,
    "0x3c6a7ab47b5f058be0e7c7fe1a4b7925b8aca40e": 0.868592,
    "0xd8b90d2e680ea535eacce1b025c998b347892f68": 1.22,
    "0xcedefe438860d2789da6419b3a19cece2a41038d": 0.00003016,
    "0xc8de43bfe33ff496fa14c270d9cb29bda196b9b5": 0.00000543,
    "0xf655c8567e0f213e6c634cd2a68d992152161dc6": 0.02507707,
    "0x5e8422345238f34275888049021821e8e08caa1f": 1665.13,
    "0x298d492e8c1d909d3f63bc4a36c66c64acb3d695": 0.03250444,
    "0x38cf11283de05cf1823b7804bc75068bd6296957": 3.93,
    "0xae7ab96520de3a18e5e111b5eaab095312d7fe84": 1667.89,
    "0xa117000000f279d81a1d3cc75430faa017fa5a2e": 4.32,
    "0xc02aaa39b223fe8d0a0e5c4f27ead9083c756cc2": 1666.16,
    "0x5a98fcbea516cf06857215779fd812ca3bef1b32": 1.57,
    "0x2e85ae1c47602f7927bcabc2ff99c40aa222ae15": 0.00039603,
    "0x4a220e6096b25eadb88358cb44068a3248254675": 92.77,
    "0xc32db1d3282e872d98f6437d3bcfa57801ca6d5c": 0.0003145,
    "0x8e870d67f660d95d5be530380d0ec0bd388289e1": 0.998337,
    "0xabec00542d141bddf58649bfe860c6449807237c": 0.083677,
    "0xfa14fa6958401314851a17d6c5360ca29f74b57b": 0.00778393,
    "0x34950ff2b487d9e5282c5ab342d08a2f712eb79f": 0.01973749,
    "0x836a808d4828586a69364065a1e064609f5078c7": 1219.67,
    "0xfb66321d7c674995dfcc2cb67a30bc978dc862ad": 7.307e-9,
    "0x3007083eaa95497cd6b2b809fb97b6a30bdf53d3": 0.00067168,
    "0xd3e4ba569045546d09cf021ecc5dfe42b1d7f6e4": 1.12,
    "0xc00e94cb662c3520282e6f5717214004a7f26888": 40.2,
    "0x3ee4b152824b657644c7a9b50694787e80eb8f4a": 0.01638323,
    "0x95ad61b0a150d79219dcf64e1e6cc01f0b64c4ce": 0.0000074,
    "0x6982508145454ce325ddbe47a25d4ec3d2311933": 6.45728e-7,
    "0x2260fac5e5542a773aa44fbcfedf7c193bc2c599": 27408,
    "0xc5fb36dd2fb59d3b98deff88425a3f425ee469ed": 0.02786214,
    "0xbd15ad921e1b480209af549874a2fcb80dc312bf": 0.00212712,
    "0xd33526068d116ce69f19a9ee46f0bd304f21a51f": 22.82,
    "0x514910771af9ca656af840dff83e8264ecf986ca": 6.79,
    "0xc0c293ce456ff0ed870add98a0828dd4d2903dbf": 0.844276,
    "0xfe459828c90c0ba4bc8b42f5c5d44f316700b430": 0.00865187,
    "0x4e3fbd56cd56c3e72c1403e103b45db9da5b9d2b": 2.68,
    "0xc944e90c64b2c07662a292be6244bdf05cda44a7": 0.087806,
    "0x64aa3364f17a4d01c6f1751fd97c2bd3d7e7f1d5": 11.18,
    "0x45804880de22913dafe09f4980848ece6ecbaf78": 1913.33,
    "0x3d1ba9be9f66b8ee101911bc36d3fb562eac2244": -0.0627304126547913,
    "0x9db0fb0aebe6a925b7838d16e3993a3976a64aab": 1.897e-9,
    "0x7f39c581f595b53c5cb19bd0b3f8da6c935e2ca0": 1901.72,
    "0x9d65ff81a3c488d585bbfb0bfe3c7707c7917f54": 17.09,
    "0xa0b86991c6218b36c1d19d4a2e9eb0ce3606eb48": 1,
    "0x48fb253446873234f2febbf9bdeaa72d9d387f94": 0.383098,
    "0x0414d8c87b271266a5864329fb4932bbe19c0c49": 0.0000022,
    "0x2b591e99afe9f32eaa6214f7b7629768c40eeb39": 0.00355597,
    "0xb17548c7b510427baac4e267bea62e800b247173": 0.04702779,
    "0x3593d125a4f7849a1b059e64f4517a86dd60c95d": 0.0190771,
    "0x198d7387fa97a73f05b8578cdeff8f2a1f34cd1f": 0.927581,
    "0xa9e8acf069c58aec8825542845fd754e41a9489a": 0.01515383,
    "0x49d72e3973900a195a155a46441f0c08179fdb64": 1739.14,
    "0xa35923162c49cf95e6bf26623385eb431ad920d3": 0.00006899,
    "0xfb7b4564402e5500db5bb6d63ae671302777c75a": 0.588449,
    "0x34ba042827996821cffeb06477d48a2ff9474483": 0.00003805,
    "0x47dac6bd80f024575a6d367af5ba8e89202a09fc": 0.00264506,
    "0x0bc529c00c6401aef6d220be8c6ea1667f6ad93e": 5558.02,
    "0xe76c6c83af64e4c60245d8c7de953df673a7a33d": 0.284059,
    "0xc011a73ee8576fb46f5e1c5751ca3b9fe0af2a6f": 2.19,
    "0x853d955acef822db058eb8505911ed77f175b99e": 0.996829,
    "0x856c4efb76c1d1ae02e20ceb03a2a6a08b0b8dc3": 1668.37,
    "0xaa6e8127831c9de45ae56bb1b0d4d4da6e5665bd": 9.52,
    "0x7d1afa7b718fb893db30a3abc0cfc608aacfebb0": 0.534719,
    "0x1f573d6fb3f13d689ff844b4ce37794d79a7ff1c": 0.420419,
    "0x24c19f7101c1731b85f1127eaa0407732e36ecdd": 0.03911624,
    "0x1f9840a85d5af5bf1d1762f925bdaddc4201f984": 4.45,
    "0x4ad434b8cdc3aa5ac97932d6bd18b5d313ab0f6f": 0.00183467,
    "0x2890df158d76e584877a1d17a85fea3aeeb85aa6": 13405.52,
    "0x97de57ec338ab5d51557da3434828c5dbfada371": 1.05,
    "0x7c07f7abe10ce8e33dc6c5ad68fe033085256a84": 1790.54,
    "0x5218e472cfcfe0b64a064f055b43b4cdc9efd3a6": 0.00111884,
    "0x6468e79a80c0eab0f9a2b574c8d5bc374af59414": 0.05567,
    "0x01022591fce0609b57670beba60102dfd2b95d77": 0.00013049,
    "0x3432b6a60d23ca0dfca7761b7ab56459d9c964d0": 5.39,
    "0xda7c0810ce6f8329786160bb3d1734cf6661ca6e": 3.36,
    "0xa8b919680258d369114910511cc87595aec0be6d": 5.77,
    "0x1a7e4e63778b4f12a199c062f3efdd288afcbce8": 1.067,
    "0x5f98805a4e8be255a32880fdec7f6728c6568ba0": 0.996829,
    "0xae78736cd615f374d3085123a210448e74fc6393": 1811.51,
    "0xb4272071ecadd69d933adcd19ca99fe80664fc08": 1.12,
    "0x5a3e6a77ba2f983ec0d371ea3b475f8bc0811ad5": 0.04400283,
    "0xb50721bcf8d664c30412cfbc6cf7a15145234ad1": 0.835335,
    "0x875773784af8135ea0ef43b5a374aad105c5d39e": 0.154152,
    "0xb794ad95317f75c44090f64955954c3849315ffe": 7.91698e-10,
    "0x046eee2cc3188071c02bfc1745a6b17c656e3f3d": 0.1443,
    "0x814e0908b12a99fecf5bc101bb5d0b8b5cdf7d26": 0.04480155,
    "0x808507121b80c02388fad14726482e061b8da827": 0.624087,
    "0x6595b8fd9c920c81500dca94e53cdc712513fb1f": 0.00058292,
    "0xd533a949740bb3306d119cc777fa900ba034cd52": 0.44746
}